voice_name,voice_id,wav_file,notes
ch0_soldier_001,4283,,scan 2026-10-02 22:05; проверить и перенести в references/voice_id_map.csv
ch0_soldier_002,4291,,scan 2026-10-02 22:05; проверить и перенести в references/voice_id_map.csv
ch0_soldier_003,4284,,scan 2026-10-02 22:05; проверить и перенести в references/voice_id_map.csv
ch0_soldier_004,4292,,scan 2026-10-02 22:05; проверить и перенести в references/voice_id_map.csv
ch0_un_001,53,,scan 2026-10-02 22:05; проверить и перенести в references/voice_id_map.csv
ch0_soldier_005,4285,,scan 2026-10-02 22:05; проверить и перенести в references/voice_id_map.csv
ch0_soldier_006,4293,,scan 2026-10-02 22:05; проверить и перенести в references/voice_id_map.csv
ch0_un_002,54,,scan 2026-10-02 22:05; проверить и перенести в references/voice_id_map.csv
ch0_soldier_007,4286,,scan 2026-10-02 22:05; проверить и перенести в references/voice_id_map.csv
ch0_un_003,55,,scan 2026-10-02 22:05; проверить и перенести в references/voice_id_map.csv
ch0_soldier_008,4287,,scan 2026-10-02 22:05; проверить и перенести в references/voice_id_map.csv
ch0_un_004,56,,scan 2026-10-02 22:05; проверить и перенести в references/voice_id_map.csv
ch0_soldier_009,4294,,scan 2026-10-02 22:05; проверить и перенести в references/voice_id_map.csv
ch0_soldier_010,4288,,scan 2026-10-02 22:05; проверить и перенести в references/voice_id_map.csv
ch0_soldier_011,4295,,scan 2026-10-02 22:05; проверить и перенести в references/voice_id_map.csv
